"ID";"RegioS";"Naam_2";"SorteringNaam_3";"Naam_29"
"0";"GM1680    ";"Aa en Hunze                                       ";"Aa en Hunze                                       ";"Drenthe                                           "
"1";"GM0358    ";"Aalsmeer                                          ";"Aalsmeer                                          ";"Noord-Holland                                     "
"2";"GM0197    ";"Aalten                                            ";"Aalten                                            ";"Gelderland                                        "
"3";"GM0059    ";"Achtkarspelen                                     ";"Achtkarspelen                                     ";"Fryslân                                           "
"4";"GM0482    ";"Alblasserdam                                      ";"Alblasserdam                                      ";"Zuid-Holland                                      "
"5";"GM0613    ";"Albrandswaard                                     ";"Albrandswaard                                     ";"Zuid-Holland                                      "
"6";"GM0361    ";"Alkmaar                                           ";"Alkmaar                                           ";"Noord-Holland                                     "
"7";"GM0141    ";"Almelo                                            ";"Almelo                                            ";"Overijssel                                        "
"8";"GM0034    ";"Almere                                            ";"Almere                                            ";"Flevoland                                         "
"9";"GM0484    ";"Alphen aan den Rijn                               ";"Alphen aan den Rijn                               ";"Zuid-Holland                                      "
"10";"GM1723    ";"Alphen-Chaam                                      ";"Alphen+Chaam                                      ";"Noord-Brabant                                     "
"11";"GM1959    ";"Altena                                            ";"Altena                                            ";"Noord-Brabant                                     "
"12";"GM0060    ";"Ameland                                           ";"Ameland                                           ";"Fryslân                                           "
"13";"GM0307    ";"Amersfoort                                        ";"Amersfoort                                        ";"Utrecht                                           "
"14";"GM0362    ";"Amstelveen                                        ";"Amstelveen                                        ";"Noord-Holland                                     "
"15";"GM0363    ";"Amsterdam                                         ";"Amsterdam                                         ";"Noord-Holland                                     "
"16";"GM0200    ";"Apeldoorn                                         ";"Apeldoorn                                         ";"Gelderland                                        "
"17";"GM0202    ";"Arnhem                                            ";"Arnhem                                            ";"Gelderland                                        "
"18";"GM0106    ";"Assen                                             ";"Assen                                             ";"Drenthe                                           "
"19";"GM0743    ";"Asten                                             ";"Asten                                             ";"Noord-Brabant                                     "
"20";"GM0744    ";"Baarle-Nassau                                     ";"Baarle+Nassau                                     ";"Noord-Brabant                                     "
"21";"GM0308    ";"Baarn                                             ";"Baarn                                             ";"Utrecht                                           "
"22";"GM0489    ";"Barendrecht                                       ";"Barendrecht                                       ";"Zuid-Holland                                      "
"23";"GM0203    ";"Barneveld                                         ";"Barneveld                                         ";"Gelderland                                        "
"24";"GM0888    ";"Beek (L.)                                         ";"Beek (L.)                                         ";"Limburg                                           "
"25";"GM1954    ";"Beekdaelen                                        ";"Beekdaelen                                        ";"Limburg                                           "
"26";"GM0889    ";"Beesel                                            ";"Beesel                                            ";"Limburg                                           "
"27";"GM1945    ";"Berg en Dal                                       ";"Berg en Dal                                       ";"Gelderland                                        "
"28";"GM1724    ";"Bergeijk                                          ";"Bergeijk                                          ";"Noord-Brabant                                     "
"29";"GM0893    ";"Bergen (L.)                                       ";"Bergen (L.)                                       ";"Limburg                                           "
"30";"GM0373    ";"Bergen (NH.)                                      ";"Bergen (NH.)                                      ";"Noord-Holland                                     "
"31";"GM0748    ";"Bergen op Zoom                                    ";"Bergen op Zoom                                    ";"Noord-Brabant                                     "
"32";"GM1859    ";"Berkelland                                        ";"Berkelland                                        ";"Gelderland                                        "
"33";"GM1721    ";"Bernheze                                          ";"Bernheze                                          ";"Noord-Brabant                                     "
"34";"GM0753    ";"Best                                              ";"Best                                              ";"Noord-Brabant                                     "
"35";"GM0209    ";"Beuningen                                         ";"Beuningen                                         ";"Gelderland                                        "
"36";"GM0375    ";"Beverwijk                                         ";"Beverwijk                                         ";"Noord-Holland                                     "
"37";"GM0310    ";"De Bilt                                           ";"Bilt De                                           ";"Utrecht                                           "
"38";"GM1728    ";"Bladel                                            ";"Bladel                                            ";"Noord-Brabant                                     "
"39";"GM0376    ";"Blaricum                                          ";"Blaricum                                          ";"Noord-Holland                                     "
"40";"GM0377    ";"Bloemendaal                                       ";"Bloemendaal                                       ";"Noord-Holland                                     "
"41";"GM1901    ";"Bodegraven-Reeuwijk                               ";"Bodegraven+Reeuwijk                               ";"Zuid-Holland                                      "
"42";"GM0755    ";"Boekel                                            ";"Boekel                                            ";"Noord-Brabant                                     "
"43";"GM1681    ";"Borger-Odoorn                                     ";"Borger+Odoorn                                     ";"Drenthe                                           "
"44";"GM0147    ";"Borne                                             ";"Borne                                             ";"Overijssel                                        "
"45";"GM0654    ";"Borsele                                           ";"Borsele                                           ";"Zeeland                                           "
"46";"GM0757    ";"Boxtel                                            ";"Boxtel                                            ";"Noord-Brabant                                     "
"47";"GM0758    ";"Breda                                             ";"Breda                                             ";"Noord-Brabant                                     "
"48";"GM1876    ";"Bronckhorst                                       ";"Bronckhorst                                       ";"Gelderland                                        "
"49";"GM0213    ";"Brummen                                           ";"Brummen                                           ";"Gelderland                                        "
"50";"GM0899    ";"Brunssum                                          ";"Brunssum                                          ";"Limburg                                           "
"51";"GM0312    ";"Bunnik                                            ";"Bunnik                                            ";"Utrecht                                           "
"52";"GM0313    ";"Bunschoten                                        ";"Bunschoten                                        ";"Utrecht                                           "
"53";"GM0214    ";"Buren                                             ";"Buren                                             ";"Gelderland                                        "
"54";"GM0502    ";"Capelle aan den IJssel                            ";"Capelle aan den IJssel                            ";"Zuid-Holland                                      "
"55";"GM0383    ";"Castricum                                         ";"Castricum                                         ";"Noord-Holland                                     "
"56";"GM0109    ";"Coevorden                                         ";"Coevorden                                         ";"Drenthe                                           "
"57";"GM1706    ";"Cranendonck                                       ";"Cranendonck                                       ";"Noord-Brabant                                     "
"58";"GM0216    ";"Culemborg                                         ";"Culemborg                                         ";"Gelderland                                        "
"59";"GM0148    ";"Dalfsen                                           ";"Dalfsen                                           ";"Overijssel                                        "
"60";"GM1891    ";"Dantumadiel                                       ";"Dantumadiel                                       ";"Fryslân                                           "
"61";"GM0503    ";"Delft                                             ";"Delft                                             ";"Zuid-Holland                                      "
"62";"GM0762    ";"Deurne                                            ";"Deurne                                            ";"Noord-Brabant                                     "
"63";"GM0150    ";"Deventer                                          ";"Deventer                                          ";"Overijssel                                        "
"64";"GM0384    ";"Diemen                                            ";"Diemen                                            ";"Noord-Holland                                     "
"65";"GM1980    ";"Dijk en Waard                                     ";"Dijk+en+Waard                                     ";"Noord-Holland                                     "
"66";"GM1774    ";"Dinkelland                                        ";"Dinkelland                                        ";"Overijssel                                        "
"67";"GM0221    ";"Doesburg                                          ";"Doesburg                                          ";"Gelderland                                        "
"68";"GM0222    ";"Doetinchem                                        ";"Doetinchem                                        ";"Gelderland                                        "
"69";"GM0766    ";"Dongen                                            ";"Dongen                                            ";"Noord-Brabant                                     "
"70";"GM0505    ";"Dordrecht                                         ";"Dordrecht                                         ";"Zuid-Holland                                      "
"71";"GM0498    ";"Drechterland                                      ";"Drechterland                                      ";"Noord-Holland                                     "
"72";"GM1719    ";"Drimmelen                                         ";"Drimmelen                                         ";"Noord-Brabant                                     "
"73";"GM0303    ";"Dronten                                           ";"Dronten                                           ";"Flevoland                                         "
"74";"GM0225    ";"Druten                                            ";"Druten                                            ";"Gelderland                                        "
"75";"GM0226    ";"Duiven                                            ";"Duiven                                            ";"Gelderland                                        "
"76";"GM1711    ";"Echt-Susteren                                     ";"Echt+Susteren                                     ";"Limburg                                           "
"77";"GM0385    ";"Edam-Volendam                                     ";"Edam+Volendam                                     ";"Noord-Holland                                     "
"78";"GM0228    ";"Ede                                               ";"Ede                                               ";"Gelderland                                        "
"79";"GM0317    ";"Eemnes                                            ";"Eemnes                                            ";"Utrecht                                           "
"80";"GM1979    ";"Eemsdelta                                         ";"Eemsdelta                                         ";"Groningen                                         "
"81";"GM0770    ";"Eersel                                            ";"Eersel                                            ";"Noord-Brabant                                     "
"82";"GM1903    ";"Eijsden-Margraten                                 ";"Eijsden+Margraten                                 ";"Limburg                                           "
"83";"GM0772    ";"Eindhoven                                         ";"Eindhoven                                         ";"Noord-Brabant                                     "
"84";"GM0230    ";"Elburg                                            ";"Elburg                                            ";"Gelderland                                        "
"85";"GM0114    ";"Emmen                                             ";"Emmen                                             ";"Drenthe                                           "
"86";"GM0388    ";"Enkhuizen                                         ";"Enkhuizen                                         ";"Noord-Holland                                     "
"87";"GM0153    ";"Enschede                                          ";"Enschede                                          ";"Overijssel                                        "
"88";"GM0232    ";"Epe                                               ";"Epe                                               ";"Gelderland                                        "
"89";"GM0233    ";"Ermelo                                            ";"Ermelo                                            ";"Gelderland                                        "
"90";"GM0777    ";"Etten-Leur                                        ";"Etten+Leur                                        ";"Noord-Brabant                                     "
"91";"GM1940    ";"De Fryske Marren                                  ";"Fryske Marren De                                  ";"Fryslân                                           "
"92";"GM0779    ";"Geertruidenberg                                   ";"Geertruidenberg                                   ";"Noord-Brabant                                     "
"93";"GM1771    ";"Geldrop-Mierlo                                    ";"Geldrop+Mierlo                                    ";"Noord-Brabant                                     "
"94";"GM1652    ";"Gemert-Bakel                                      ";"Gemert+Bakel                                      ";"Noord-Brabant                                     "
"95";"GM0907    ";"Gennep                                            ";"Gennep                                            ";"Limburg                                           "
"96";"GM0784    ";"Gilze en Rijen                                    ";"Gilze en Rijen                                    ";"Noord-Brabant                                     "
"97";"GM1924    ";"Goeree-Overflakkee                                ";"Goeree+Overflakkee                                ";"Zuid-Holland                                      "
"98";"GM0664    ";"Goes                                              ";"Goes                                              ";"Zeeland                                           "
"99";"GM0785    ";"Goirle                                            ";"Goirle                                            ";"Noord-Brabant                                     "
"100";"GM1942    ";"Gooise Meren                                      ";"Gooise Meren                                      ";"Noord-Holland                                     "
"101";"GM0512    ";"Gorinchem                                         ";"Gorinchem                                         ";"Zuid-Holland                                      "
"102";"GM0513    ";"Gouda                                             ";"Gouda                                             ";"Zuid-Holland                                      "
"103";"GM0518    ";"'s-Gravenhage                                     ";"Gravenhage 's-                                    ";"Zuid-Holland                                      "
"104";"GM0014    ";"Groningen                                         ";"Groningen                                         ";"Groningen                                         "
"105";"GM1729    ";"Gulpen-Wittem                                     ";"Gulpen+Wittem                                     ";"Limburg                                           "
"106";"GM0158    ";"Haaksbergen                                       ";"Haaksbergen                                       ";"Overijssel                                        "
"107";"GM0392    ";"Haarlem                                           ";"Haarlem                                           ";"Noord-Holland                                     "
"108";"GM0394    ";"Haarlemmermeer                                    ";"Haarlemmermeer                                    ";"Noord-Holland                                     "
"109";"GM1655    ";"Halderberge                                       ";"Halderberge                                       ";"Noord-Brabant                                     "
"110";"GM0160    ";"Hardenberg                                        ";"Hardenberg                                        ";"Overijssel                                        "
"111";"GM0243    ";"Harderwijk                                        ";"Harderwijk                                        ";"Gelderland                                        "
"112";"GM0523    ";"Hardinxveld-Giessendam                            ";"Hardinxveld+Giessendam                            ";"Zuid-Holland                                      "
"113";"GM0072    ";"Harlingen                                         ";"Harlingen                                         ";"Fryslân                                           "
"114";"GM0244    ";"Hattem                                            ";"Hattem                                            ";"Gelderland                                        "
"115";"GM0396    ";"Heemskerk                                         ";"Heemskerk                                         ";"Noord-Holland                                     "
"116";"GM0397    ";"Heemstede                                         ";"Heemstede                                         ";"Noord-Holland                                     "
"117";"GM0246    ";"Heerde                                            ";"Heerde                                            ";"Gelderland                                        "
"118";"GM0074    ";"Heerenveen                                        ";"Heerenveen                                        ";"Fryslân                                           "
"119";"GM0917    ";"Heerlen                                           ";"Heerlen                                           ";"Limburg                                           "
"120";"GM1658    ";"Heeze-Leende                                      ";"Heeze+Leende                                      ";"Noord-Brabant                                     "
"121";"GM0399    ";"Heiloo                                            ";"Heiloo                                            ";"Noord-Holland                                     "
"122";"GM0400    ";"Den Helder                                        ";"Helder Den                                        ";"Noord-Holland                                     "
"123";"GM0163    ";"Hellendoorn                                       ";"Hellendoorn                                       ";"Overijssel                                        "
"124";"GM0794    ";"Helmond                                           ";"Helmond                                           ";"Noord-Brabant                                     "
"125";"GM0531    ";"Hendrik-Ido-Ambacht                               ";"Hendrik+Ido+Ambacht                               ";"Zuid-Holland                                      "
"126";"GM0164    ";"Hengelo (O.)                                      ";"Hengelo (O.)                                      ";"Overijssel                                        "
"127";"GM0796    ";"'s-Hertogenbosch                                  ";"Hertogenbosch 's-                                 ";"Noord-Brabant                                     "
"128";"GM0252    ";"Heumen                                            ";"Heumen                                            ";"Gelderland                                        "
"129";"GM0797    ";"Heusden                                           ";"Heusden                                           ";"Noord-Brabant                                     "
"130";"GM0534    ";"Hillegom                                          ";"Hillegom                                          ";"Zuid-Holland                                      "
"131";"GM0798    ";"Hilvarenbeek                                      ";"Hilvarenbeek                                      ";"Noord-Brabant                                     "
"132";"GM0402    ";"Hilversum                                         ";"Hilversum                                         ";"Noord-Holland                                     "
"133";"GM1963    ";"Hoeksche Waard                                    ";"Hoeksche+Waard                                    ";"Zuid-Holland                                      "
"134";"GM1735    ";"Hof van Twente                                    ";"Hof van Twente                                    ";"Overijssel                                        "
"135";"GM1966    ";"Het Hogeland                                      ";"Hogeland+Het                                      ";"Groningen                                         "
"136";"GM1911    ";"Hollands Kroon                                    ";"Hollands Kroon                                    ";"Noord-Holland                                     "
"137";"GM0118    ";"Hoogeveen                                         ";"Hoogeveen                                         ";"Drenthe                                           "
"138";"GM0405    ";"Hoorn                                             ";"Hoorn                                             ";"Noord-Holland                                     "
"139";"GM1507    ";"Horst aan de Maas                                 ";"Horst aan de Maas                                 ";"Limburg                                           "
"140";"GM0321    ";"Houten                                            ";"Houten                                            ";"Utrecht                                           "
"141";"GM0406    ";"Huizen                                            ";"Huizen                                            ";"Noord-Holland                                     "
"142";"GM0677    ";"Hulst                                             ";"Hulst                                             ";"Zeeland                                           "
"143";"GM0353    ";"IJsselstein                                       ";"IJsselstein                                       ";"Utrecht                                           "
"144";"GM1884    ";"Kaag en Braassem                                  ";"Kaag                                              ";"Zuid-Holland                                      "
"145";"GM0166    ";"Kampen                                            ";"Kampen                                            ";"Overijssel                                        "
"146";"GM0678    ";"Kapelle                                           ";"Kapelle                                           ";"Zeeland                                           "
"147";"GM0537    ";"Katwijk                                           ";"Katwijk                                           ";"Zuid-Holland                                      "
"148";"GM0928    ";"Kerkrade                                          ";"Kerkrade                                          ";"Limburg                                           "
"149";"GM1598    ";"Koggenland                                        ";"Koggenland                                        ";"Noord-Holland                                     "
"150";"GM0542    ";"Krimpen aan den IJssel                            ";"Krimpen aan den IJssel                            ";"Zuid-Holland                                      "
"151";"GM1931    ";"Krimpenerwaard                                    ";"Krimpenerwaard                                    ";"Zuid-Holland                                      "
"152";"GM1659    ";"Laarbeek                                          ";"Laarbeek                                          ";"Noord-Brabant                                     "
"153";"GM1982    ";"Land van Cuijk                                    ";"Land+van+Cuijk                                    ";"Noord-Brabant                                     "
"154";"GM0882    ";"Landgraaf                                         ";"Landgraaf                                         ";"Limburg                                           "
"155";"GM0415    ";"Landsmeer                                         ";"Landsmeer                                         ";"Noord-Holland                                     "
"156";"GM1621    ";"Lansingerland                                     ";"Lansingerland                                     ";"Zuid-Holland                                      "
"157";"GM0417    ";"Laren (NH.)                                       ";"Laren (NH.)                                       ";"Noord-Holland                                     "
"158";"GM0080    ";"Leeuwarden                                        ";"Leeuwarden                                        ";"Fryslân                                           "
"159";"GM0546    ";"Leiden                                            ";"Leiden                                            ";"Zuid-Holland                                      "
"160";"GM0547    ";"Leiderdorp                                        ";"Leiderdorp                                        ";"Zuid-Holland                                      "
"161";"GM1916    ";"Leidschendam-Voorburg                             ";"Leidschendam+Voorburg                             ";"Zuid-Holland                                      "
"162";"GM0995    ";"Lelystad                                          ";"Lelystad                                          ";"Flevoland                                         "
"163";"GM1640    ";"Leudal                                            ";"Leudal                                            ";"Limburg                                           "
"164";"GM0327    ";"Leusden                                           ";"Leusden                                           ";"Utrecht                                           "
"165";"GM1705    ";"Lingewaard                                        ";"Lingewaard                                        ";"Gelderland                                        "
"166";"GM0553    ";"Lisse                                             ";"Lisse                                             ";"Zuid-Holland                                      "
"167";"GM0262    ";"Lochem                                            ";"Lochem                                            ";"Gelderland                                        "
"168";"GM0809    ";"Loon op Zand                                      ";"Loon op Zand                                      ";"Noord-Brabant                                     "
"169";"GM0331    ";"Lopik                                             ";"Lopik                                             ";"Utrecht                                           "
"170";"GM0168    ";"Losser                                            ";"Losser                                            ";"Overijssel                                        "
"171";"GM0263    ";"Maasdriel                                         ";"Maasdriel                                         ";"Gelderland                                        "
"172";"GM1641    ";"Maasgouw                                          ";"Maasgouw                                          ";"Limburg                                           "
"173";"GM1991    ";"Maashorst                                         ";"Maashorst                                         ";"Noord-Brabant                                     "
"174";"GM0556    ";"Maassluis                                         ";"Maassluis                                         ";"Zuid-Holland                                      "
"175";"GM0935    ";"Maastricht                                        ";"Maastricht                                        ";"Limburg                                           "
"176";"GM0420    ";"Medemblik                                         ";"Medemblik                                         ";"Noord-Holland                                     "
"177";"GM0938    ";"Meerssen                                          ";"Meerssen                                          ";"Limburg                                           "
"178";"GM1948    ";"Meierijstad                                       ";"Meierijstad                                       ";"Noord-Brabant                                     "
"179";"GM0119    ";"Meppel                                            ";"Meppel                                            ";"Drenthe                                           "
"180";"GM0687    ";"Middelburg (Z.)                                   ";"Middelburg (Z.)                                   ";"Zeeland                                           "
"181";"GM1842    ";"Midden-Delfland                                   ";"Midden+Delfland                                   ";"Zuid-Holland                                      "
"182";"GM1731    ";"Midden-Drenthe                                    ";"Midden+Drenthe                                    ";"Drenthe                                           "
"183";"GM1952    ";"Midden-Groningen                                  ";"Midden+Groningen                                  ";"Groningen                                         "
"184";"GM1709    ";"Moerdijk                                          ";"Moerdijk                                          ";"Noord-Brabant                                     "
"185";"GM1978    ";"Molenlanden                                       ";"Molenlanden                                       ";"Zuid-Holland                                      "
"186";"GM1955    ";"Montferland                                       ";"Montferland                                       ";"Gelderland                                        "
"187";"GM0335    ";"Montfoort                                         ";"Montfoort                                         ";"Utrecht                                           "
"188";"GM0944    ";"Mook en Middelaar                                 ";"Mook en Middelaar                                 ";"Limburg                                           "
"189";"GM1740    ";"Neder-Betuwe                                      ";"Neder+Betuwe                                      ";"Gelderland                                        "
"190";"GM0946    ";"Nederweert                                        ";"Nederweert                                        ";"Limburg                                           "
"191";"GM0356    ";"Nieuwegein                                        ";"Nieuwegein                                        ";"Utrecht                                           "
"192";"GM0569    ";"Nieuwkoop                                         ";"Nieuwkoop                                         ";"Zuid-Holland                                      "
"193";"GM0267    ";"Nijkerk                                           ";"Nijkerk                                           ";"Gelderland                                        "
"194";"GM0268    ";"Nijmegen                                          ";"Nijmegen                                          ";"Gelderland                                        "
"195";"GM1930    ";"Nissewaard                                        ";"Nissewaard                                        ";"Zuid-Holland                                      "
"196";"GM1970    ";"Noardeast-Fryslân                                 ";"Noardeast+Fryslân                                 ";"Fryslân                                           "
"197";"GM1695    ";"Noord-Beveland                                    ";"Noord+Beveland                                    ";"Zeeland                                           "
"198";"GM1699    ";"Noordenveld                                       ";"Noordenveld                                       ";"Drenthe                                           "
"199";"GM0171    ";"Noordoostpolder                                   ";"Noordoostpolder                                   ";"Flevoland                                         "
"200";"GM0575    ";"Noordwijk                                         ";"Noordwijk                                         ";"Zuid-Holland                                      "
"201";"GM0820    ";"Nuenen, Gerwen en Nederwetten                     ";"Nuenen, Gerwen en Nederwetten                     ";"Noord-Brabant                                     "
"202";"GM0302    ";"Nunspeet                                          ";"Nunspeet                                          ";"Gelderland                                        "
"203";"GM0579    ";"Oegstgeest                                        ";"Oegstgeest                                        ";"Zuid-Holland                                      "
"204";"GM0823    ";"Oirschot                                          ";"Oirschot                                          ";"Noord-Brabant                                     "
"205";"GM0824    ";"Oisterwijk                                        ";"Oisterwijk                                        ";"Noord-Brabant                                     "
"206";"GM1895    ";"Oldambt                                           ";"Oldambt                                           ";"Groningen                                         "
"207";"GM0269    ";"Oldebroek                                         ";"Oldebroek                                         ";"Gelderland                                        "
"208";"GM0173    ";"Oldenzaal                                         ";"Oldenzaal                                         ";"Overijssel                                        "
"209";"GM1773    ";"Olst-Wijhe                                        ";"Olst+Wijhe                                        ";"Overijssel                                        "
"210";"GM0175    ";"Ommen                                             ";"Ommen                                             ";"Overijssel                                        "
"211";"GM1586    ";"Oost Gelre                                        ";"Oost Gelre                                        ";"Gelderland                                        "
"212";"GM0826    ";"Oosterhout                                        ";"Oosterhout                                        ";"Noord-Brabant                                     "
"213";"GM0085    ";"Ooststellingwerf                                  ";"Ooststellingwerf                                  ";"Fryslân                                           "
"214";"GM0431    ";"Oostzaan                                          ";"Oostzaan                                          ";"Noord-Holland                                     "
"215";"GM0432    ";"Opmeer                                            ";"Opmeer                                            ";"Noord-Holland                                     "
"216";"GM0086    ";"Opsterland                                        ";"Opsterland                                        ";"Fryslân                                           "
"217";"GM0828    ";"Oss                                               ";"Oss                                               ";"Noord-Brabant                                     "
"218";"GM1509    ";"Oude IJsselstreek                                 ";"Oude IJsselstreek                                 ";"Gelderland                                        "
"219";"GM0437    ";"Ouder-Amstel                                      ";"Ouder+Amstel                                      ";"Noord-Holland                                     "
"220";"GM0589    ";"Oudewater                                         ";"Oudewater                                         ";"Utrecht                                           "
"221";"GM1734    ";"Overbetuwe                                        ";"Overbetuwe                                        ";"Gelderland                                        "
"222";"GM0590    ";"Papendrecht                                       ";"Papendrecht                                       ";"Zuid-Holland                                      "
"223";"GM1894    ";"Peel en Maas                                      ";"Peel en Maas                                      ";"Limburg                                           "
"224";"GM0765    ";"Pekela                                            ";"Pekela                                            ";"Groningen                                         "
"225";"GM1926    ";"Pijnacker-Nootdorp                                ";"Pijnacker+Nootdorp                                ";"Zuid-Holland                                      "
"226";"GM0439    ";"Purmerend                                         ";"Purmerend                                         ";"Noord-Holland                                     "
"227";"GM0273    ";"Putten                                            ";"Putten                                            ";"Gelderland                                        "
"228";"GM0177    ";"Raalte                                            ";"Raalte                                            ";"Overijssel                                        "
"229";"GM0703    ";"Reimerswaal                                       ";"Reimerswaal                                       ";"Zeeland                                           "
"230";"GM0274    ";"Renkum                                            ";"Renkum                                            ";"Gelderland                                        "
"231";"GM0339    ";"Renswoude                                         ";"Renswoude                                         ";"Utrecht                                           "
"232";"GM1667    ";"Reusel-De Mierden                                 ";"Reusel+De Mierden                                 ";"Noord-Brabant                                     "
"233";"GM0275    ";"Rheden                                            ";"Rheden                                            ";"Gelderland                                        "
"234";"GM0340    ";"Rhenen                                            ";"Rhenen                                            ";"Utrecht                                           "
"235";"GM0597    ";"Ridderkerk                                        ";"Ridderkerk                                        ";"Zuid-Holland                                      "
"236";"GM1742    ";"Rijssen-Holten                                    ";"Rijssen+Holten                                    ";"Overijssel                                        "
"237";"GM0603    ";"Rijswijk (ZH.)                                    ";"Rijswijk (ZH.)                                    ";"Zuid-Holland                                      "
"238";"GM1669    ";"Roerdalen                                         ";"Roerdalen                                         ";"Limburg                                           "
"239";"GM0957    ";"Roermond                                          ";"Roermond                                          ";"Limburg                                           "
"240";"GM0736    ";"De Ronde Venen                                    ";"Ronde Venen De                                    ";"Utrecht                                           "
"241";"GM1674    ";"Roosendaal                                        ";"Roosendaal                                        ";"Noord-Brabant                                     "
"242";"GM0599    ";"Rotterdam                                         ";"Rotterdam                                         ";"Zuid-Holland                                      "
"243";"GM0277    ";"Rozendaal                                         ";"Rozendaal                                         ";"Gelderland                                        "
"244";"GM0840    ";"Rucphen                                           ";"Rucphen                                           ";"Noord-Brabant                                     "
"245";"GM0441    ";"Schagen                                           ";"Schagen                                           ";"Noord-Holland                                     "
"246";"GM0279    ";"Scherpenzeel                                      ";"Scherpenzeel                                      ";"Gelderland                                        "
"247";"GM0606    ";"Schiedam                                          ";"Schiedam                                          ";"Zuid-Holland                                      "
"248";"GM0088    ";"Schiermonnikoog                                   ";"Schiermonnikoog                                   ";"Fryslân                                           "
"249";"GM1676    ";"Schouwen-Duiveland                                ";"Schouwen+Duiveland                                ";"Zeeland                                           "
"250";"GM0965    ";"Simpelveld                                        ";"Simpelveld                                        ";"Limburg                                           "
"251";"GM0845    ";"Sint-Michielsgestel                               ";"Sint+Michielsgestel                               ";"Noord-Brabant                                     "
"252";"GM1883    ";"Sittard-Geleen                                    ";"Sittard+Geleen                                    ";"Limburg                                           "
"253";"GM0610    ";"Sliedrecht                                        ";"Sliedrecht                                        ";"Zuid-Holland                                      "
"254";"GM1714    ";"Sluis                                             ";"Sluis                                             ";"Zeeland                                           "
"255";"GM0090    ";"Smallingerland                                    ";"Smallingerland                                    ";"Fryslân                                           "
"256";"GM0342    ";"Soest                                             ";"Soest                                             ";"Utrecht                                           "
"257";"GM0847    ";"Someren                                           ";"Someren                                           ";"Noord-Brabant                                     "
"258";"GM0848    ";"Son en Breugel                                    ";"Son en Breugel                                    ";"Noord-Brabant                                     "
"259";"GM0037    ";"Stadskanaal                                       ";"Stadskanaal                                       ";"Groningen                                         "
"260";"GM0180    ";"Staphorst                                         ";"Staphorst                                         ";"Overijssel                                        "
"261";"GM0532    ";"Stede Broec                                       ";"Stede Broec                                       ";"Noord-Holland                                     "
"262";"GM0851    ";"Steenbergen                                       ";"Steenbergen                                       ";"Noord-Brabant                                     "
"263";"GM1708    ";"Steenwijkerland                                   ";"Steenwijkerland                                   ";"Overijssel                                        "
"264";"GM0971    ";"Stein (L.)                                        ";"Stein (L.)                                        ";"Limburg                                           "
"265";"GM1904    ";"Stichtse Vecht                                    ";"Stichtse Vecht                                    ";"Utrecht                                           "
"266";"GM1900    ";"Súdwest-Fryslân                                   ";"Sudwest+Fryslan                                   ";"Fryslân                                           "
"267";"GM0715    ";"Terneuzen                                         ";"Terneuzen                                         ";"Zeeland                                           "
"268";"GM0093    ";"Terschelling                                      ";"Terschelling                                      ";"Fryslân                                           "
"269";"GM0448    ";"Texel                                             ";"Texel                                             ";"Noord-Holland                                     "
"270";"GM1525    ";"Teylingen                                         ";"Teylingen                                         ";"Zuid-Holland                                      "
"271";"GM0716    ";"Tholen                                            ";"Tholen                                            ";"Zeeland                                           "
"272";"GM0281    ";"Tiel                                              ";"Tiel                                              ";"Gelderland                                        "
"273";"GM0855    ";"Tilburg                                           ";"Tilburg                                           ";"Noord-Brabant                                     "
"274";"GM0183    ";"Tubbergen                                         ";"Tubbergen                                         ";"Overijssel                                        "
"275";"GM1700    ";"Twenterand                                        ";"Twenterand                                        ";"Overijssel                                        "
"276";"GM1730    ";"Tynaarlo                                          ";"Tynaarlo                                          ";"Drenthe                                           "
"277";"GM0737    ";"Tytsjerksteradiel                                 ";"Tytsjerksteradiel                                 ";"Fryslân                                           "
"278";"GM0450    ";"Uitgeest                                          ";"Uitgeest                                          ";"Noord-Holland                                     "
"279";"GM0451    ";"Uithoorn                                          ";"Uithoorn                                          ";"Noord-Holland                                     "
"280";"GM0184    ";"Urk                                               ";"Urk                                               ";"Flevoland                                         "
"281";"GM0344    ";"Utrecht                                           ";"Utrecht                                           ";"Utrecht                                           "
"282";"GM1581    ";"Utrechtse Heuvelrug                               ";"Utrechtse Heuvelrug                               ";"Utrecht                                           "
"283";"GM0981    ";"Vaals                                             ";"Vaals                                             ";"Limburg                                           "
"284";"GM0994    ";"Valkenburg aan de Geul                            ";"Valkenburg aan de Geul                            ";"Limburg                                           "
"285";"GM0858    ";"Valkenswaard                                      ";"Valkenswaard                                      ";"Noord-Brabant                                     "
"286";"GM0047    ";"Veendam                                           ";"Veendam                                           ";"Groningen                                         "
"287";"GM0345    ";"Veenendaal                                        ";"Veenendaal                                        ";"Utrecht                                           "
"288";"GM0717    ";"Veere                                             ";"Veere                                             ";"Zeeland                                           "
"289";"GM0861    ";"Veldhoven                                         ";"Veldhoven                                         ";"Noord-Brabant                                     "
"290";"GM0453    ";"Velsen                                            ";"Velsen                                            ";"Noord-Holland                                     "
"291";"GM0983    ";"Venlo                                             ";"Venlo                                             ";"Limburg                                           "
"292";"GM0984    ";"Venray                                            ";"Venray                                            ";"Limburg                                           "
"293";"GM1961    ";"Vijfheerenlanden                                  ";"Vijfheerenlanden                                  ";"Utrecht                                           "
"294";"GM0622    ";"Vlaardingen                                       ";"Vlaardingen                                       ";"Zuid-Holland                                      "
"295";"GM0096    ";"Vlieland                                          ";"Vlieland                                          ";"Fryslân                                           "
"296";"GM0718    ";"Vlissingen                                        ";"Vlissingen                                        ";"Zeeland                                           "
"297";"GM0986    ";"Voerendaal                                        ";"Voerendaal                                        ";"Limburg                                           "
"298";"GM1992    ";"Voorne aan Zee                                    ";"Voorne aan Zee                                    ";"Zuid-Holland                                      "
"299";"GM0626    ";"Voorschoten                                       ";"Voorschoten                                       ";"Zuid-Holland                                      "
"300";"GM0285    ";"Voorst                                            ";"Voorst                                            ";"Gelderland                                        "
"301";"GM0865    ";"Vught                                             ";"Vught                                             ";"Noord-Brabant                                     "
"302";"GM1949    ";"Waadhoeke                                         ";"Waadhoeke                                         ";"Fryslân                                           "
"303";"GM0866    ";"Waalre                                            ";"Waalre                                            ";"Noord-Brabant                                     "
"304";"GM0867    ";"Waalwijk                                          ";"Waalwijk                                          ";"Noord-Brabant                                     "
"305";"GM0627    ";"Waddinxveen                                       ";"Waddinxveen                                       ";"Zuid-Holland                                      "
"306";"GM0289    ";"Wageningen                                        ";"Wageningen                                        ";"Gelderland                                        "
"307";"GM0629    ";"Wassenaar                                         ";"Wassenaar                                         ";"Zuid-Holland                                      "
"308";"GM0852    ";"Waterland                                         ";"Waterland                                         ";"Noord-Holland                                     "
"309";"GM0988    ";"Weert                                             ";"Weert                                             ";"Limburg                                           "
"310";"GM1960    ";"West Betuwe                                       ";"West Betuwe                                       ";"Gelderland                                        "
"311";"GM0668    ";"West Maas en Waal                                 ";"West Maas en Waal                                 ";"Gelderland                                        "
"312";"GM1969    ";"Westerkwartier                                    ";"Westerkwartier                                    ";"Groningen                                         "
"313";"GM1701    ";"Westerveld                                        ";"Westerveld                                        ";"Drenthe                                           "
"314";"GM0293    ";"Westervoort                                       ";"Westervoort                                       ";"Gelderland                                        "
"315";"GM1950    ";"Westerwolde                                       ";"Westerwolde                                       ";"Groningen                                         "
"316";"GM1783    ";"Westland                                          ";"Westland                                          ";"Zuid-Holland                                      "
"317";"GM0098    ";"Weststellingwerf                                  ";"Weststellingwerf                                  ";"Fryslân                                           "
"318";"GM0189    ";"Wierden                                           ";"Wierden                                           ";"Overijssel                                        "
"319";"GM0296    ";"Wijchen                                           ";"Wijchen                                           ";"Gelderland                                        "
"320";"GM1696    ";"Wijdemeren                                        ";"Wijdemeren                                        ";"Noord-Holland                                     "
"321";"GM0352    ";"Wijk bij Duurstede                                ";"Wijk bij Duurstede                                ";"Utrecht                                           "
"322";"GM0294    ";"Winterswijk                                       ";"Winterswijk                                       ";"Gelderland                                        "
"323";"GM0873    ";"Woensdrecht                                       ";"Woensdrecht                                       ";"Noord-Brabant                                     "
"324";"GM0632    ";"Woerden                                           ";"Woerden                                           ";"Utrecht                                           "
"325";"GM1690    ";"De Wolden                                         ";"Wolden De                                         ";"Drenthe                                           "
"326";"GM0880    ";"Wormerland                                        ";"Wormerland                                        ";"Noord-Holland                                     "
"327";"GM0351    ";"Woudenberg                                        ";"Woudenberg                                        ";"Utrecht                                           "
"328";"GM0479    ";"Zaanstad                                          ";"Zaanstad                                          ";"Noord-Holland                                     "
"329";"GM0297    ";"Zaltbommel                                        ";"Zaltbommel                                        ";"Gelderland                                        "
"330";"GM0473    ";"Zandvoort                                         ";"Zandvoort                                         ";"Noord-Holland                                     "
"331";"GM0050    ";"Zeewolde                                          ";"Zeewolde                                          ";"Flevoland                                         "
"332";"GM0355    ";"Zeist                                             ";"Zeist                                             ";"Utrecht                                           "
"333";"GM0299    ";"Zevenaar                                          ";"Zevenaar                                          ";"Gelderland                                        "
"334";"GM0637    ";"Zoetermeer                                        ";"Zoetermeer                                        ";"Zuid-Holland                                      "
"335";"GM0638    ";"Zoeterwoude                                       ";"Zoeterwoude                                       ";"Zuid-Holland                                      "
"336";"GM1892    ";"Zuidplas                                          ";"Zuidplas                                          ";"Zuid-Holland                                      "
"337";"GM0879    ";"Zundert                                           ";"Zundert                                           ";"Noord-Brabant                                     "
"338";"GM0301    ";"Zutphen                                           ";"Zutphen                                           ";"Gelderland                                        "
"339";"GM1896    ";"Zwartewaterland                                   ";"Zwartewaterland                                   ";"Overijssel                                        "
"340";"GM0642    ";"Zwijndrecht                                       ";"Zwijndrecht                                       ";"Zuid-Holland                                      "
"341";"GM0193    ";"Zwolle                                            ";"Zwolle                                            ";"Overijssel                                        "
